,id,group
0,0,0
1,1,2
2,2,1
3,3,1
4,4,0
5,5,2
6,6,0
7,7,2
8,8,2
9,9,2
10,10,1
11,11,2
12,12,1
13,13,2
14,14,2
15,15,1
16,16,2
17,17,1
18,18,0
19,19,1
20,20,2
21,21,2
22,22,0
23,23,2
24,24,1
25,25,2
26,26,0
27,27,2
28,28,1
29,29,1
30,30,1
31,31,1
32,32,2
33,33,2
34,34,1
35,35,2
36,36,1
37,37,2
38,38,1
39,39,1
40,40,0
41,41,0
42,42,1
43,43,2
44,44,2
45,45,2
46,46,1
47,47,2
48,48,2
49,49,0
50,50,1
51,51,1
52,52,0
53,53,0
54,54,2
55,55,2
56,56,1
57,57,2
58,58,2
59,59,1
60,60,0
61,61,1
62,62,1
63,63,0
64,64,2
65,65,2
66,66,1
67,67,2
68,68,0
69,69,2
70,70,0
71,71,0
72,72,2
73,73,0
74,74,2
75,75,0
76,76,2
77,77,1
78,78,2
79,79,0
80,80,0
81,81,1
82,82,1
83,83,0
84,84,0
85,85,0
86,86,1
87,87,1
88,88,1
89,89,0
90,90,1
91,91,0
92,92,2
93,93,1
94,94,0
95,95,2
96,96,2
97,97,0
98,98,0
99,99,1
100,100,2
101,101,1
102,102,1
103,103,1
104,104,0
105,105,2
106,106,2
107,107,1
108,108,1
109,109,1
110,110,0
111,111,0
112,112,1
113,113,1
114,114,0
115,115,2
116,116,0
117,117,0
118,118,1
119,119,0
120,120,2
121,121,0
122,122,1
123,123,0
124,124,0
125,125,1
126,126,0
127,127,1
128,128,1
129,129,1
130,130,1
131,131,2
132,132,0
133,133,0
134,134,1
135,135,2
136,136,0
137,137,0
138,138,2
139,139,0
140,140,0
141,141,2
142,142,1
143,143,0
144,144,1
145,145,0
146,146,0
147,147,2
148,148,2
149,149,1
150,150,0
151,151,0
152,152,1
153,153,0
154,154,2
155,155,1
156,156,2
157,157,2
158,158,2
159,159,2
160,160,1
161,161,1
162,162,1
163,163,2
164,164,1
165,165,1
166,166,0
167,167,1
168,168,0
169,169,1
170,170,1
171,171,0
172,172,2
173,173,0
174,174,1
175,175,0
176,176,1
177,177,2
178,178,1
179,179,2
180,180,2
181,181,0
182,182,2
183,183,0
184,184,0
185,185,2
186,186,1
187,187,0
188,188,0
189,189,1
190,190,0
191,191,1
192,192,1
193,193,0
194,194,0
195,195,2
196,196,1
197,197,0
198,198,1
199,199,0
200,200,0
201,201,0
202,202,1
203,203,0
204,204,1
205,205,1
206,206,2
207,207,1
208,208,2
209,209,2
210,210,2
211,211,2
212,212,0
213,213,2
214,214,0
215,215,0
216,216,1
217,217,1
218,218,0
219,219,2
220,220,2
221,221,2
222,222,0
223,223,2
224,224,2
225,225,0
226,226,2
227,227,0
228,228,1
229,229,2
230,230,0
231,231,1
232,232,0
233,233,1
234,234,1
235,235,1
236,236,0
237,237,2
238,238,1
239,239,0
240,240,1
241,241,2
242,242,0
243,243,1
244,244,2
245,245,0
246,246,2
247,247,0
248,248,0
249,249,0
250,250,2
251,251,2
252,252,2
253,253,1
254,254,1
255,255,2
256,256,2
257,257,2
258,258,0
259,259,2
260,260,1
261,261,0
262,262,0
263,263,2
264,264,0
265,265,2
266,266,1
267,267,0
268,268,1
269,269,0
270,270,0
271,271,1
272,272,1
273,273,0
274,274,1
275,275,1
276,276,2
277,277,2
278,278,2
279,279,0
280,280,2
281,281,1
282,282,1
283,283,2
284,284,2
285,285,2
286,286,1
287,287,0
288,288,0
289,289,0
290,290,0
291,291,2
292,292,2
293,293,2
294,294,1
295,295,1
296,296,1
297,297,0
298,298,1
299,299,2
300,300,1
301,301,2
302,302,0
303,303,2
304,304,2
305,305,1
306,306,0
307,307,1
308,308,1
309,309,2
310,310,1
311,311,1
312,312,1
313,313,0
314,314,2
315,315,2
316,316,0
317,317,1
318,318,1
319,319,2
320,320,1
321,321,0
322,322,0
323,323,2
324,324,2
325,325,0
326,326,2
327,327,2
328,328,0
329,329,2
330,330,1
331,331,2
332,332,0
333,333,0
334,334,1
335,335,0
336,336,2
337,337,2
338,338,0
339,339,1
340,340,1
341,341,0
342,342,1
343,343,1
344,344,2
345,345,1
346,346,1
347,347,2
348,348,2
349,349,0
350,350,1
351,351,0
352,352,0
353,353,0
354,354,2
355,355,0
356,356,0
357,357,0
358,358,2
359,359,2
360,360,0
361,361,2
362,362,0
363,363,1
364,364,2
365,365,1
366,366,2
367,367,0
368,368,1
369,369,2
370,370,2
371,371,2
372,372,1
373,373,0
374,374,2
375,375,1
376,376,0
377,377,1
378,378,0
379,379,1
380,380,0
381,381,1
382,382,2
383,383,2
384,384,1
385,385,0
386,386,1
387,387,2
388,388,1
389,389,2
390,390,1
391,391,1
392,392,2
393,393,1
394,394,0
395,395,2
396,396,0
397,397,0
398,398,2
399,399,0
400,400,2
401,401,1
402,402,0
403,403,2
404,404,1
405,405,1
406,406,1
407,407,1
408,408,0
409,409,0
410,410,1
411,411,1
412,412,1
413,413,0
414,414,2
415,415,2
416,416,1
417,417,1
418,418,0
419,419,1
420,420,2
421,421,1
422,422,1
423,423,2
424,424,2
425,425,1
426,426,0
427,427,0
428,428,2
429,429,1
430,430,1
431,431,1
432,432,0
433,433,0
434,434,0
435,435,2
436,436,2
437,437,2
438,438,0
439,439,2
440,440,1
441,441,0
442,442,1
443,443,2
444,444,2
445,445,0
446,446,2
447,447,1
448,448,2
449,449,2
450,450,1
451,451,2
452,452,0
453,453,0
454,454,1
455,455,1
456,456,0
457,457,0
458,458,0
459,459,1
460,460,0
461,461,0
462,462,0
463,463,2
464,464,0
465,465,1
466,466,1
467,467,0
468,468,2
469,469,2
470,470,0
471,471,0
472,472,0
473,473,1
474,474,0
475,475,2
476,476,0
477,477,0
478,478,0
479,479,2
480,480,0
481,481,2
482,482,0
483,483,0
484,484,0
485,485,2
486,486,0
487,487,2
488,488,2
489,489,0
490,490,0
491,491,0
492,492,1
493,493,2
494,494,1
495,495,2
496,496,1
497,497,1
498,498,1
499,499,1
500,500,1
501,501,2
502,502,2
503,503,1
504,504,0
505,505,1
506,506,2
507,507,0
508,508,1
509,509,1
510,510,1
511,511,2
512,512,0
513,513,2
514,514,1
515,515,1
516,516,1
517,517,0
518,518,2
519,519,0
520,520,2
521,521,0
522,522,0
523,523,0
524,524,0
525,525,1
526,526,1
527,527,2
528,528,0
529,529,1
530,530,1
531,531,0
532,532,0
533,533,0
534,534,0
535,535,2
536,536,2
537,537,0
538,538,2
539,539,1
540,540,0
541,541,0
542,542,1
543,543,1
544,544,0
545,545,2
546,546,0
547,547,2
548,548,2
549,549,2
550,550,1
551,551,1
552,552,0
553,553,0
554,554,0
555,555,2
556,556,2
557,557,0
558,558,2
559,559,1
560,560,1
561,561,2
562,562,1
563,563,2
564,564,2
565,565,0
566,566,2
567,567,2
568,568,0
569,569,1
570,570,0
571,571,1
572,572,0
573,573,0
574,574,2
575,575,2
576,576,1
577,577,0
578,578,0
579,579,1
580,580,1
581,581,2
582,582,0
583,583,2
584,584,2
585,585,0
586,586,0
587,587,1
588,588,0
589,589,1
590,590,2
591,591,0
592,592,0
593,593,2
594,594,0
595,595,2
596,596,1
597,597,2
598,598,2
599,599,2
600,600,1
601,601,1
602,602,0
603,603,2
604,604,0
605,605,0
606,606,2
607,607,0
608,608,1
609,609,1
610,610,1
611,611,2
612,612,2
613,613,1
614,614,1
615,615,0
616,616,2
617,617,0
618,618,0
619,619,2
620,620,2
621,621,2
622,622,2
623,623,0
624,624,1
625,625,0
626,626,2
627,627,1
628,628,1
629,629,1
630,630,0
631,631,0
632,632,1
633,633,2
634,634,2
635,635,1
636,636,1
637,637,2
638,638,2
639,639,2
640,640,0
641,641,1
642,642,1
643,643,0
644,644,2
645,645,2
646,646,0
647,647,2
648,648,0
649,649,0
650,650,1
651,651,1
652,652,2
653,653,2
654,654,2
655,655,1
656,656,2
657,657,1
658,658,2
659,659,1
660,660,2
661,661,1
662,662,0
663,663,1
664,664,0
665,665,1
666,666,1
667,667,1
668,668,2
669,669,2
670,670,1
671,671,2
672,672,1
673,673,0
674,674,0
675,675,2
676,676,0
677,677,1
678,678,1
679,679,0
680,680,1
681,681,2
682,682,1
683,683,1
684,684,2
685,685,1
686,686,0
687,687,0
688,688,2
689,689,1
690,690,2
691,691,0
692,692,1
693,693,0
694,694,1
695,695,1
696,696,1
697,697,0
698,698,2
699,699,0
700,700,1
701,701,2
702,702,1
703,703,1
704,704,0
705,705,1
706,706,2
707,707,0
708,708,0
709,709,0
710,710,0
711,711,2
712,712,0
713,713,1
714,714,2
715,715,1
716,716,2
717,717,1
718,718,0
719,719,1
720,720,1
721,721,1
722,722,0
723,723,0
724,724,0
725,725,1
726,726,2
727,727,1
728,728,1
729,729,1
730,730,2
731,731,1
732,732,1
733,733,2
734,734,2
735,735,0
736,736,2
737,737,0
738,738,0
739,739,0
740,740,2
741,741,0
742,742,0
743,743,2
744,744,0
745,745,0
746,746,0
747,747,0
748,748,0
749,749,1
750,750,0
751,751,2
752,752,1
753,753,2
754,754,1
755,755,1
756,756,2
757,757,0
758,758,2
759,759,0
760,760,1
761,761,0
762,762,0
763,763,1
764,764,2
765,765,0
766,766,1
767,767,2
768,768,1
769,769,2
770,770,2
771,771,0
772,772,2
773,773,2
774,774,1
775,775,1
776,776,1
777,777,2
778,778,2
779,779,1
780,780,2
781,781,1
782,782,1
783,783,1
784,784,1
785,785,1
786,786,1
787,787,1
788,788,2
789,789,1
790,790,1
791,791,0
792,792,0
793,793,2
794,794,2
795,795,1
796,796,1
797,797,2
798,798,0
799,799,0
800,800,1
801,801,0
802,802,2
803,803,1
804,804,0
805,805,2
806,806,1
807,807,1
808,808,2
809,809,0
810,810,0
811,811,2
812,812,1
813,813,1
814,814,1
815,815,2
816,816,0
817,817,2
818,818,0
819,819,0
820,820,1
821,821,1
822,822,0
823,823,1
824,824,2
825,825,1
826,826,0
827,827,2
828,828,2
829,829,1
830,830,0
831,831,2
832,832,0
833,833,0
834,834,0
835,835,2
836,836,2
837,837,0
838,838,2
839,839,1
840,840,0
841,841,1
842,842,2
843,843,2
844,844,0
845,845,0
846,846,1
847,847,1
848,848,2
849,849,0
850,850,0
851,851,2
852,852,0
853,853,2
854,854,2
855,855,1
856,856,0
857,857,1
858,858,1
859,859,1
860,860,2
861,861,2
862,862,1
863,863,1
864,864,1
865,865,1
866,866,0
867,867,0
868,868,0
869,869,2
870,870,2
871,871,0
872,872,0
873,873,2
874,874,2
875,875,2
876,876,2
877,877,0
878,878,0
879,879,0
880,880,1
881,881,0
882,882,2
883,883,1
884,884,2
885,885,1
886,886,0
887,887,1
888,888,0
889,889,2
890,890,1
891,891,1
892,892,0
893,893,0
894,894,1
895,895,0
896,896,2
897,897,0
898,898,2
899,899,1
900,900,1
901,901,1
902,902,2
903,903,0
904,904,2
905,905,1
906,906,2
907,907,0
908,908,2
909,909,2
910,910,2
911,911,1
912,912,1
913,913,0
914,914,2
915,915,1
916,916,1
917,917,1
918,918,0
919,919,1
920,920,0
921,921,2
922,922,0
923,923,1
924,924,2
925,925,2
926,926,2
927,927,1
928,928,2
929,929,0
930,930,0
931,931,0
932,932,0
933,933,1
934,934,2
935,935,2
936,936,0
937,937,2
938,938,1
939,939,2
940,940,1
941,941,0
942,942,0
943,943,2
944,944,2
945,945,0
946,946,1
947,947,1
948,948,2
949,949,0
950,950,2
951,951,2
952,952,2
953,953,2
954,954,0
955,955,1
956,956,1
957,957,2
958,958,2
959,959,1
960,960,0
961,961,2
962,962,2
963,963,0
964,964,1
965,965,2
966,966,0
967,967,2
968,968,1
969,969,1
970,970,0
971,971,1
972,972,1
973,973,1
974,974,0
975,975,0
976,976,2
977,977,0
978,978,0
979,979,1
980,980,1
981,981,2
982,982,0
983,983,2
984,984,2
985,985,2
986,986,0
987,987,1
988,988,1
989,989,0
990,990,2
991,991,1
992,992,2
993,993,1
994,994,0
995,995,1
996,996,0
997,997,1
998,998,2
999,999,0
1000,1000,0
1001,1001,0
1002,1002,2
1003,1003,2
1004,1004,1
1005,1005,1
1006,1006,2
1007,1007,2
1008,1008,2
1009,1009,0
1010,1010,0
1011,1011,0
1012,1012,2
1013,1013,2
1014,1014,1
1015,1015,1
1016,1016,2
1017,1017,2
1018,1018,1
1019,1019,0
1020,1020,1
1021,1021,1
1022,1022,0
1023,1023,2
1024,1024,1
1025,1025,1
1026,1026,0
1027,1027,2
1028,1028,2
1029,1029,2
1030,1030,1
1031,1031,0
1032,1032,1
1033,1033,1
1034,1034,1
1035,1035,0
1036,1036,2
1037,1037,1
1038,1038,0
1039,1039,1
1040,1040,2
1041,1041,1
1042,1042,0
1043,1043,1
1044,1044,2
1045,1045,1
1046,1046,2
1047,1047,2
1048,1048,1
1049,1049,2
1050,1050,1
1051,1051,2
1052,1052,2
1053,1053,1
1054,1054,1
1055,1055,2
1056,1056,2
1057,1057,1
1058,1058,0
1059,1059,0
1060,1060,0
1061,1061,1
1062,1062,1
1063,1063,0
1064,1064,0
1065,1065,1
1066,1066,0
1067,1067,1
1068,1068,2
1069,1069,0
1070,1070,1
1071,1071,0
1072,1072,1
1073,1073,0
1074,1074,0
1075,1075,0
1076,1076,2
1077,1077,2
1078,1078,0
1079,1079,0
1080,1080,1
1081,1081,1
1082,1082,0
1083,1083,0
1084,1084,1
1085,1085,0
1086,1086,0
1087,1087,0
1088,1088,1
1089,1089,0
1090,1090,2
1091,1091,1
1092,1092,0
1093,1093,0
1094,1094,1
1095,1095,0
1096,1096,2
1097,1097,2
1098,1098,2
1099,1099,2
1100,1100,2
1101,1101,0
1102,1102,0
1103,1103,1
1104,1104,1
1105,1105,0
1106,1106,0
1107,1107,0
1108,1108,1
1109,1109,2
1110,1110,0
1111,1111,0
1112,1112,0
1113,1113,2
1114,1114,2
1115,1115,0
1116,1116,0
1117,1117,1
1118,1118,1
1119,1119,2
1120,1120,2
1121,1121,2
1122,1122,2
1123,1123,0
1124,1124,1
1125,1125,2
1126,1126,0
1127,1127,0
1128,1128,2
1129,1129,1
1130,1130,2
1131,1131,1
1132,1132,0
1133,1133,2
1134,1134,1
1135,1135,2
1136,1136,2
1137,1137,2
1138,1138,2
1139,1139,1
1140,1140,0
1141,1141,0
1142,1142,2
1143,1143,1
1144,1144,2
1145,1145,0
1146,1146,1
1147,1147,1
1148,1148,1
1149,1149,1
1150,1150,0
1151,1151,0
1152,1152,1
1153,1153,1
1154,1154,0
1155,1155,2
1156,1156,0
1157,1157,1
1158,1158,0
1159,1159,0
1160,1160,0
1161,1161,0
1162,1162,2
1163,1163,2
1164,1164,1
1165,1165,0
1166,1166,1
1167,1167,0
1168,1168,1
1169,1169,0
1170,1170,1
1171,1171,2
1172,1172,2
1173,1173,0
1174,1174,1
1175,1175,1
1176,1176,1
1177,1177,1
1178,1178,2
1179,1179,0
1180,1180,1
1181,1181,2
1182,1182,0
1183,1183,1
1184,1184,0
1185,1185,1
1186,1186,1
1187,1187,1
1188,1188,2
1189,1189,1
1190,1190,1
1191,1191,0
1192,1192,1
1193,1193,2
1194,1194,2
1195,1195,2
1196,1196,0
1197,1197,1
1198,1198,0
1199,1199,1
1200,1200,0
1201,1201,0
1202,1202,0
1203,1203,2
1204,1204,1
1205,1205,1
1206,1206,2
1207,1207,2
1208,1208,2
1209,1209,0
1210,1210,2
1211,1211,0
1212,1212,0
1213,1213,2
1214,1214,1
1215,1215,2
1216,1216,0
1217,1217,0
1218,1218,1
1219,1219,0
1220,1220,1
1221,1221,1
1222,1222,0
1223,1223,0
1224,1224,1
1225,1225,0
1226,1226,1
1227,1227,0
1228,1228,1
1229,1229,1
1230,1230,2
1231,1231,0
1232,1232,2
1233,1233,2
1234,1234,0
1235,1235,1
1236,1236,2
1237,1237,2
1238,1238,2
1239,1239,2
1240,1240,0
1241,1241,2
1242,1242,1
1243,1243,2
1244,1244,2
1245,1245,1
1246,1246,2
1247,1247,0
1248,1248,2
1249,1249,0
1250,1250,2
1251,1251,2
1252,1252,2
1253,1253,1
1254,1254,1
1255,1255,2
1256,1256,1
1257,1257,0
1258,1258,0
1259,1259,1
1260,1260,1
1261,1261,0
1262,1262,2
1263,1263,0
1264,1264,2
1265,1265,0
1266,1266,2
1267,1267,2
1268,1268,1
1269,1269,0
1270,1270,2
1271,1271,0
1272,1272,2
1273,1273,1
1274,1274,1
1275,1275,0
1276,1276,2
1277,1277,2
1278,1278,0
1279,1279,2
1280,1280,0
1281,1281,2
1282,1282,2
1283,1283,1
1284,1284,2
1285,1285,2
1286,1286,2
1287,1287,1
1288,1288,1
1289,1289,0
1290,1290,2
1291,1291,2
1292,1292,2
1293,1293,1
1294,1294,2
1295,1295,1
1296,1296,1
1297,1297,0
1298,1298,1
1299,1299,0
1300,1300,2
1301,1301,0
1302,1302,2
1303,1303,0
1304,1304,2
1305,1305,1
1306,1306,0
1307,1307,0
1308,1308,1
1309,1309,0
1310,1310,1
1311,1311,2
1312,1312,0
1313,1313,2
1314,1314,2
1315,1315,1
1316,1316,0
1317,1317,2
1318,1318,0
1319,1319,2
1320,1320,2
1321,1321,0
1322,1322,1
1323,1323,2
1324,1324,2
1325,1325,0
1326,1326,1
1327,1327,2
1328,1328,2
1329,1329,2
1330,1330,1
1331,1331,0
1332,1332,1
1333,1333,1
1334,1334,2
1335,1335,0
1336,1336,1
1337,1337,1
1338,1338,0
1339,1339,2
1340,1340,1
1341,1341,2
1342,1342,2
1343,1343,2
1344,1344,0
1345,1345,0
1346,1346,0
1347,1347,1
1348,1348,2
1349,1349,0
1350,1350,2
1351,1351,2
1352,1352,2
1353,1353,1
1354,1354,0
1355,1355,1
1356,1356,2
1357,1357,2
1358,1358,2
1359,1359,2
1360,1360,1
1361,1361,2
1362,1362,0
1363,1363,2
1364,1364,1
1365,1365,1
1366,1366,2
1367,1367,2
1368,1368,2
1369,1369,2
1370,1370,0
1371,1371,0
1372,1372,0
1373,1373,0
1374,1374,2
1375,1375,0
1376,1376,1
1377,1377,1
1378,1378,1
1379,1379,0
1380,1380,2
1381,1381,2
1382,1382,1
1383,1383,2
1384,1384,1
1385,1385,1
1386,1386,0
1387,1387,2
1388,1388,1
1389,1389,0
1390,1390,0
1391,1391,0
1392,1392,0
1393,1393,2
1394,1394,1
1395,1395,2
1396,1396,1
1397,1397,2
1398,1398,2
1399,1399,1
1400,1400,2
1401,1401,0
1402,1402,2
1403,1403,0
1404,1404,0
1405,1405,2
1406,1406,1
1407,1407,0
1408,1408,2
1409,1409,2
1410,1410,2
1411,1411,0
1412,1412,0
1413,1413,2
1414,1414,0
1415,1415,2
1416,1416,0
1417,1417,0
1418,1418,0
1419,1419,1
1420,1420,0
1421,1421,2
1422,1422,0
1423,1423,0
1424,1424,2
1425,1425,1
1426,1426,1
1427,1427,0
1428,1428,2
1429,1429,2
1430,1430,1
1431,1431,2
1432,1432,0
1433,1433,1
1434,1434,0
1435,1435,0
1436,1436,0
1437,1437,0
1438,1438,2
1439,1439,1
1440,1440,2
1441,1441,0
1442,1442,2
1443,1443,2
1444,1444,2
1445,1445,1
1446,1446,2
1447,1447,2
1448,1448,0
1449,1449,0
1450,1450,2
1451,1451,0
1452,1452,2
1453,1453,1
1454,1454,1
1455,1455,1
1456,1456,1
1457,1457,0
1458,1458,2
1459,1459,1
1460,1460,2
1461,1461,0
1462,1462,0
1463,1463,2
1464,1464,0
1465,1465,0
1466,1466,0
1467,1467,0
1468,1468,0
1469,1469,0
1470,1470,1
1471,1471,0
1472,1472,2
1473,1473,1
1474,1474,0
1475,1475,2
1476,1476,1
1477,1477,1
1478,1478,2
1479,1479,2
1480,1480,1
1481,1481,0
1482,1482,2
1483,1483,2
1484,1484,2
1485,1485,0
1486,1486,2
1487,1487,0
1488,1488,2
1489,1489,0
1490,1490,0
1491,1491,1
1492,1492,2
1493,1493,0
1494,1494,1
1495,1495,2
1496,1496,0
1497,1497,1
1498,1498,2
1499,1499,0
1500,1500,2
1501,1501,1
1502,1502,2
1503,1503,1
1504,1504,0
1505,1505,1
1506,1506,2
1507,1507,2
1508,1508,1
1509,1509,0
1510,1510,2
1511,1511,0
1512,1512,2
1513,1513,0
1514,1514,0
1515,1515,0
1516,1516,2
1517,1517,1
1518,1518,1
1519,1519,2
1520,1520,1
1521,1521,2
1522,1522,0
1523,1523,0
1524,1524,0
1525,1525,0
1526,1526,0
1527,1527,1
1528,1528,0
1529,1529,0
1530,1530,1
1531,1531,1
1532,1532,1
1533,1533,0
1534,1534,2
1535,1535,1
1536,1536,0
1537,1537,2
1538,1538,0
1539,1539,1
1540,1540,2
1541,1541,1
1542,1542,0
1543,1543,0
1544,1544,2
1545,1545,2
1546,1546,2
1547,1547,0
1548,1548,1
1549,1549,1
1550,1550,0
1551,1551,1
1552,1552,1
1553,1553,1
1554,1554,0
1555,1555,2
1556,1556,0
1557,1557,0
1558,1558,0
1559,1559,1
1560,1560,0
1561,1561,2
1562,1562,2
1563,1563,2
1564,1564,0
1565,1565,2
1566,1566,1
1567,1567,2
1568,1568,1
1569,1569,1
1570,1570,1
1571,1571,0
1572,1572,0
1573,1573,0
1574,1574,2
1575,1575,2
1576,1576,0
1577,1577,2
1578,1578,0
1579,1579,0
1580,1580,0
1581,1581,1
1582,1582,2
1583,1583,2
1584,1584,0
1585,1585,1
1586,1586,0
1587,1587,2
1588,1588,1
1589,1589,2
1590,1590,0
1591,1591,1
1592,1592,0
1593,1593,0
1594,1594,2
1595,1595,1
1596,1596,1
1597,1597,2
1598,1598,2
1599,1599,2
1600,1600,2
1601,1601,1
1602,1602,2
1603,1603,1
1604,1604,1
1605,1605,2
1606,1606,1
1607,1607,2
1608,1608,1
1609,1609,1
1610,1610,1
1611,1611,0
1612,1612,1
1613,1613,1
1614,1614,1
1615,1615,2
1616,1616,2
1617,1617,2
1618,1618,2
1619,1619,2
1620,1620,0
1621,1621,1
1622,1622,0
1623,1623,0
1624,1624,2
1625,1625,1
1626,1626,1
1627,1627,1
1628,1628,2
1629,1629,2
1630,1630,2
1631,1631,1
1632,1632,2
1633,1633,2
1634,1634,1
1635,1635,1
1636,1636,0
1637,1637,2
1638,1638,2
1639,1639,0
1640,1640,1
1641,1641,2
1642,1642,2
1643,1643,1
1644,1644,1
1645,1645,0
1646,1646,1
1647,1647,2
1648,1648,2
1649,1649,1
1650,1650,2
1651,1651,0
1652,1652,2
1653,1653,0
1654,1654,2
1655,1655,2
1656,1656,2
1657,1657,0
1658,1658,1
1659,1659,0
1660,1660,1
1661,1661,0
1662,1662,2
1663,1663,2
1664,1664,0
1665,1665,0
1666,1666,0
1667,1667,1
1668,1668,1
1669,1669,1
1670,1670,0
1671,1671,0
1672,1672,1
1673,1673,2
1674,1674,2
1675,1675,2
1676,1676,0
1677,1677,2
1678,1678,1
1679,1679,2
1680,1680,2
1681,1681,0
1682,1682,1
1683,1683,1
1684,1684,2
1685,1685,1
1686,1686,2
1687,1687,2
1688,1688,1
1689,1689,1
1690,1690,0
1691,1691,0
1692,1692,0
1693,1693,1
1694,1694,0
1695,1695,1
1696,1696,2
1697,1697,1
1698,1698,1
1699,1699,1
1700,1700,2
1701,1701,2
1702,1702,0
1703,1703,1
1704,1704,2
1705,1705,0
1706,1706,0
1707,1707,2
1708,1708,0
1709,1709,0
1710,1710,2
1711,1711,2
1712,1712,0
1713,1713,1
1714,1714,0
1715,1715,2
1716,1716,2
1717,1717,2
1718,1718,2
1719,1719,2
1720,1720,2
1721,1721,1
1722,1722,2
1723,1723,2
1724,1724,0
1725,1725,0
1726,1726,0
1727,1727,2
1728,1728,1
1729,1729,1
1730,1730,2
1731,1731,0
1732,1732,2
1733,1733,2
1734,1734,2
1735,1735,2
1736,1736,0
1737,1737,2
1738,1738,2
1739,1739,1
1740,1740,2
1741,1741,2
1742,1742,1
1743,1743,0
1744,1744,1
1745,1745,2
1746,1746,1
1747,1747,1
1748,1748,0
1749,1749,2
1750,1750,0
1751,1751,0
1752,1752,1
1753,1753,1
1754,1754,0
1755,1755,1
1756,1756,0
1757,1757,1
1758,1758,0
1759,1759,2
1760,1760,1
1761,1761,0
1762,1762,0
1763,1763,1
1764,1764,1
1765,1765,0
1766,1766,1
1767,1767,0
1768,1768,2
1769,1769,2
1770,1770,2
1771,1771,0
1772,1772,2
1773,1773,2
1774,1774,0
1775,1775,2
1776,1776,0
1777,1777,0
1778,1778,1
1779,1779,2
1780,1780,1
1781,1781,0
1782,1782,2
1783,1783,1
1784,1784,2
1785,1785,2
1786,1786,1
1787,1787,2
1788,1788,1
1789,1789,1
1790,1790,0
1791,1791,2
1792,1792,0
1793,1793,1
1794,1794,0
1795,1795,1
1796,1796,2
1797,1797,0
1798,1798,2
1799,1799,2
1800,1800,0
1801,1801,1
1802,1802,0
1803,1803,1
1804,1804,1
1805,1805,1
1806,1806,1
1807,1807,0
1808,1808,1
1809,1809,1
1810,1810,2
1811,1811,2
1812,1812,0
1813,1813,2
1814,1814,2
1815,1815,0
1816,1816,2
1817,1817,2
1818,1818,0
1819,1819,2
1820,1820,0
1821,1821,0
1822,1822,0
1823,1823,0
1824,1824,0
1825,1825,1
1826,1826,2
1827,1827,2
1828,1828,1
1829,1829,0
1830,1830,2
1831,1831,0
1832,1832,0
1833,1833,0
1834,1834,2
1835,1835,1
1836,1836,2
1837,1837,2
1838,1838,1
1839,1839,0
1840,1840,0
1841,1841,1
1842,1842,1
1843,1843,2
1844,1844,2
1845,1845,1
1846,1846,1
1847,1847,2
1848,1848,1
1849,1849,2
1850,1850,2
1851,1851,2
1852,1852,0
1853,1853,0
1854,1854,0
1855,1855,2
1856,1856,2
1857,1857,1
1858,1858,2
1859,1859,1
1860,1860,2
1861,1861,2
1862,1862,0
1863,1863,2
1864,1864,1
1865,1865,2
1866,1866,1
1867,1867,1
1868,1868,2
1869,1869,1
1870,1870,2
1871,1871,0
1872,1872,1
1873,1873,2
1874,1874,2
1875,1875,2
1876,1876,2
1877,1877,1
1878,1878,0
1879,1879,1
1880,1880,0
1881,1881,2
1882,1882,0
1883,1883,0
1884,1884,1
1885,1885,0
1886,1886,2
1887,1887,2
1888,1888,2
1889,1889,1
1890,1890,1
1891,1891,1
1892,1892,0
1893,1893,2
1894,1894,1
1895,1895,2
1896,1896,1
1897,1897,0
1898,1898,1
1899,1899,2
1900,1900,1
1901,1901,1
1902,1902,0
1903,1903,1
1904,1904,1
1905,1905,0
1906,1906,2
1907,1907,1
1908,1908,2
1909,1909,0
1910,1910,0
1911,1911,2
1912,1912,0
1913,1913,2
1914,1914,0
1915,1915,2
1916,1916,2
1917,1917,1
1918,1918,1
1919,1919,1
1920,1920,1
1921,1921,1
1922,1922,0
1923,1923,0
1924,1924,2
1925,1925,0
1926,1926,2
1927,1927,1
1928,1928,2
1929,1929,2
1930,1930,2
1931,1931,1
1932,1932,0
1933,1933,0
1934,1934,2
1935,1935,1
1936,1936,2
1937,1937,2
1938,1938,2
1939,1939,2
1940,1940,0
1941,1941,1
1942,1942,1
1943,1943,0
1944,1944,0
1945,1945,0
1946,1946,0
1947,1947,2
1948,1948,2
1949,1949,0
1950,1950,1
1951,1951,0
1952,1952,0
1953,1953,1
1954,1954,2
1955,1955,2
1956,1956,0
1957,1957,0
1958,1958,1
1959,1959,2
1960,1960,2
1961,1961,0
1962,1962,0
1963,1963,1
1964,1964,1
1965,1965,0
1966,1966,0
1967,1967,0
1968,1968,2
1969,1969,1
1970,1970,0
1971,1971,1
1972,1972,1
1973,1973,0
1974,1974,0
1975,1975,0
1976,1976,0
1977,1977,1
1978,1978,0
1979,1979,0
1980,1980,2
1981,1981,1
1982,1982,1
1983,1983,1
1984,1984,0
1985,1985,1
1986,1986,0
1987,1987,1
1988,1988,0
1989,1989,2
1990,1990,0
1991,1991,2
1992,1992,2
1993,1993,2
1994,1994,0
1995,1995,2
1996,1996,0
1997,1997,2
1998,1998,0
1999,1999,0
2000,2000,1
2001,2001,0
2002,2002,2
2003,2003,0
2004,2004,1
2005,2005,1
2006,2006,1
2007,2007,1
2008,2008,1
2009,2009,1
2010,2010,0
2011,2011,1
2012,2012,0
2013,2013,0
2014,2014,0
2015,2015,0
2016,2016,1
2017,2017,0
2018,2018,0
2019,2019,1
2020,2020,1
2021,2021,1
2022,2022,0
2023,2023,0
2024,2024,0
2025,2025,2
2026,2026,1
2027,2027,2
2028,2028,0
2029,2029,0
2030,2030,1
2031,2031,2
2032,2032,0
2033,2033,2
2034,2034,2
2035,2035,0
2036,2036,1
2037,2037,1
2038,2038,0
2039,2039,2
2040,2040,1
2041,2041,2
2042,2042,0
2043,2043,1
2044,2044,1
2045,2045,2
2046,2046,1
2047,2047,2
2048,2048,0
2049,2049,2
2050,2050,0
2051,2051,1
2052,2052,1
2053,2053,2
2054,2054,2
2055,2055,2
2056,2056,2
2057,2057,0
2058,2058,2
2059,2059,0
2060,2060,2
2061,2061,2
2062,2062,2
2063,2063,0
2064,2064,0
2065,2065,1
2066,2066,1
2067,2067,2
2068,2068,0
2069,2069,0
2070,2070,0
2071,2071,2
2072,2072,2
2073,2073,2
2074,2074,0
2075,2075,2
2076,2076,1
2077,2077,1
2078,2078,2
2079,2079,2
2080,2080,2
2081,2081,2
2082,2082,2
2083,2083,1
2084,2084,1
2085,2085,1
2086,2086,2
2087,2087,0
2088,2088,2
2089,2089,0
2090,2090,1
2091,2091,2
2092,2092,0
2093,2093,0
2094,2094,1
2095,2095,1
2096,2096,0
2097,2097,0
2098,2098,2
2099,2099,0
2100,2100,0
2101,2101,0
2102,2102,2
2103,2103,1
2104,2104,2
2105,2105,1
2106,2106,1
2107,2107,0
2108,2108,2
2109,2109,0
2110,2110,1
2111,2111,0
2112,2112,2
2113,2113,0
2114,2114,1
2115,2115,2
2116,2116,1
2117,2117,1
2118,2118,1
2119,2119,0
2120,2120,1
2121,2121,2
2122,2122,0
2123,2123,0
2124,2124,0
2125,2125,0
2126,2126,1
2127,2127,2
2128,2128,0
2129,2129,2
2130,2130,2
2131,2131,2
2132,2132,0
2133,2133,1
2134,2134,1
2135,2135,2
2136,2136,2
2137,2137,0
2138,2138,1
2139,2139,0
2140,2140,2
2141,2141,0
2142,2142,1
2143,2143,1
2144,2144,0
2145,2145,2
2146,2146,0
2147,2147,1
2148,2148,0
2149,2149,2
2150,2150,0
2151,2151,2
2152,2152,1
2153,2153,1
2154,2154,2
2155,2155,0
2156,2156,1
2157,2157,1
2158,2158,1
2159,2159,2
2160,2160,2
2161,2161,0
2162,2162,2
2163,2163,2
2164,2164,1
2165,2165,0
2166,2166,0
2167,2167,1
2168,2168,2
2169,2169,2
2170,2170,2
2171,2171,0
2172,2172,0
2173,2173,2
2174,2174,2
2175,2175,2
2176,2176,0
2177,2177,0
2178,2178,0
2179,2179,1
2180,2180,2
2181,2181,2
2182,2182,0
2183,2183,2
2184,2184,2
2185,2185,2
2186,2186,1
2187,2187,0
2188,2188,2
2189,2189,0
2190,2190,1
2191,2191,1
2192,2192,0
2193,2193,0
2194,2194,0
2195,2195,1
2196,2196,2
2197,2197,2
2198,2198,2
2199,2199,0
2200,2200,1
2201,2201,2
2202,2202,2
2203,2203,0
2204,2204,0
2205,2205,0
2206,2206,2
2207,2207,0
2208,2208,2
2209,2209,0
2210,2210,0
2211,2211,1
2212,2212,0
2213,2213,2
2214,2214,2
2215,2215,0
2216,2216,1
2217,2217,1
2218,2218,1
2219,2219,0
2220,2220,2
2221,2221,1
2222,2222,2
2223,2223,2
2224,2224,0
2225,2225,0
2226,2226,0
2227,2227,0
2228,2228,2
2229,2229,1
2230,2230,1
2231,2231,1
2232,2232,1
2233,2233,1
2234,2234,1
2235,2235,2
2236,2236,2
2237,2237,1
2238,2238,1
2239,2239,2
2240,2240,1
2241,2241,2
2242,2242,1
2243,2243,1
2244,2244,2
2245,2245,1
2246,2246,0
2247,2247,0
2248,2248,2
2249,2249,1
2250,2250,1
2251,2251,0
2252,2252,0
2253,2253,0
2254,2254,1
2255,2255,0
2256,2256,0
2257,2257,2
2258,2258,1
2259,2259,1
2260,2260,1
2261,2261,0
2262,2262,1
2263,2263,1
2264,2264,0
2265,2265,0
2266,2266,2
2267,2267,2
2268,2268,0
2269,2269,1
2270,2270,2
2271,2271,0
2272,2272,2
2273,2273,1
2274,2274,0
2275,2275,0
2276,2276,1
2277,2277,0
2278,2278,0
2279,2279,1
2280,2280,2
2281,2281,2
2282,2282,2
2283,2283,1
2284,2284,2
2285,2285,1
2286,2286,1
2287,2287,0
2288,2288,2
2289,2289,1
2290,2290,0
2291,2291,2
2292,2292,1
2293,2293,0
2294,2294,0
2295,2295,2
2296,2296,1
2297,2297,2
2298,2298,0
2299,2299,0
2300,2300,0
2301,2301,1
2302,2302,0
2303,2303,1
2304,2304,2
2305,2305,0
2306,2306,1
2307,2307,2
2308,2308,2
2309,2309,1
2310,2310,0
2311,2311,0
2312,2312,2
2313,2313,0
2314,2314,2
2315,2315,1
2316,2316,1
2317,2317,1
2318,2318,2
2319,2319,1
2320,2320,1
2321,2321,0
2322,2322,1
2323,2323,1
2324,2324,0
2325,2325,2
2326,2326,2
2327,2327,1
2328,2328,2
2329,2329,2
2330,2330,2
2331,2331,0
2332,2332,2
2333,2333,2
2334,2334,0
2335,2335,0
2336,2336,0
2337,2337,2
2338,2338,2
2339,2339,0
2340,2340,0
2341,2341,2
2342,2342,0
2343,2343,2
2344,2344,0
2345,2345,1
2346,2346,2
2347,2347,1
2348,2348,0
2349,2349,0
2350,2350,2
2351,2351,0
2352,2352,2
2353,2353,1
2354,2354,1
2355,2355,1
2356,2356,0
2357,2357,1
2358,2358,2
2359,2359,1
2360,2360,0
2361,2361,0
2362,2362,2
2363,2363,1
2364,2364,2
2365,2365,1
2366,2366,2
2367,2367,0
2368,2368,1
2369,2369,2
2370,2370,2
2371,2371,0
2372,2372,1
2373,2373,1
2374,2374,1
2375,2375,2
2376,2376,2
2377,2377,2
2378,2378,0
2379,2379,1
2380,2380,2
2381,2381,2
2382,2382,2
2383,2383,0
2384,2384,0
2385,2385,1
2386,2386,1
2387,2387,0
2388,2388,2
2389,2389,0
2390,2390,1
2391,2391,1
2392,2392,0
2393,2393,0
2394,2394,1
2395,2395,1
2396,2396,2
2397,2397,1
2398,2398,1
2399,2399,2
2400,2400,1
2401,2401,0
2402,2402,2
2403,2403,2
2404,2404,1
2405,2405,2
2406,2406,1
2407,2407,1
2408,2408,0
2409,2409,0
2410,2410,2
2411,2411,1
2412,2412,2
2413,2413,2
2414,2414,1
2415,2415,0
2416,2416,0
2417,2417,2
2418,2418,2
2419,2419,0
2420,2420,2
2421,2421,0
2422,2422,2
2423,2423,0
2424,2424,2
2425,2425,1
2426,2426,2
2427,2427,1
2428,2428,2
2429,2429,1
2430,2430,2
2431,2431,1
2432,2432,0
2433,2433,2
2434,2434,1
2435,2435,2
2436,2436,0
2437,2437,2
2438,2438,0
2439,2439,0
2440,2440,0
2441,2441,1
2442,2442,0
2443,2443,0
2444,2444,0
2445,2445,1
2446,2446,1
2447,2447,0
2448,2448,0
2449,2449,0
2450,2450,1
2451,2451,2
2452,2452,2
2453,2453,0
2454,2454,1
2455,2455,2
2456,2456,0
2457,2457,1
2458,2458,1
2459,2459,1
2460,2460,2
2461,2461,2
2462,2462,0
2463,2463,0
2464,2464,0
2465,2465,1
2466,2466,0
2467,2467,1
2468,2468,2
2469,2469,1
2470,2470,0
2471,2471,2
2472,2472,2
2473,2473,0
2474,2474,1
2475,2475,0
2476,2476,2
2477,2477,1
2478,2478,1
2479,2479,0
2480,2480,2
2481,2481,1
2482,2482,1
2483,2483,1
2484,2484,1
2485,2485,0
2486,2486,0
2487,2487,2
2488,2488,1
2489,2489,0
2490,2490,1
2491,2491,1
2492,2492,0
2493,2493,2
2494,2494,2
2495,2495,2
2496,2496,1
2497,2497,2
2498,2498,0
2499,2499,2
2500,2500,2
2501,2501,1
2502,2502,0
2503,2503,1
2504,2504,0
2505,2505,1
2506,2506,2
2507,2507,2
2508,2508,2
2509,2509,0
2510,2510,1
2511,2511,1
2512,2512,0
2513,2513,2
2514,2514,2
2515,2515,1
2516,2516,1
2517,2517,0
2518,2518,1
2519,2519,2
2520,2520,1
2521,2521,1
2522,2522,2
2523,2523,1
2524,2524,2
2525,2525,2
2526,2526,2
2527,2527,1
2528,2528,2
2529,2529,0
2530,2530,1
2531,2531,0
2532,2532,2
2533,2533,1
2534,2534,2
2535,2535,0
2536,2536,1
2537,2537,0
2538,2538,0
2539,2539,0
2540,2540,1
2541,2541,0
2542,2542,1
2543,2543,2
2544,2544,0
2545,2545,1
2546,2546,2
2547,2547,1
2548,2548,0
2549,2549,2
2550,2550,2
2551,2551,2
2552,2552,2
2553,2553,1
2554,2554,2
2555,2555,0
2556,2556,1
2557,2557,0
2558,2558,0
2559,2559,0
2560,2560,0
2561,2561,2
2562,2562,2
2563,2563,0
2564,2564,0
2565,2565,1
2566,2566,1
2567,2567,1
2568,2568,1
2569,2569,0
2570,2570,1
2571,2571,2
2572,2572,2
2573,2573,1
2574,2574,1
2575,2575,2
2576,2576,2
2577,2577,2
2578,2578,0
2579,2579,0
2580,2580,2
2581,2581,0
2582,2582,0
2583,2583,1
2584,2584,0
2585,2585,1
2586,2586,0
2587,2587,1
2588,2588,1
2589,2589,0
2590,2590,0
2591,2591,2
2592,2592,2
2593,2593,0
2594,2594,0
2595,2595,1
2596,2596,2
2597,2597,2
2598,2598,0
2599,2599,1
2600,2600,2
2601,2601,1
2602,2602,0
2603,2603,2
2604,2604,1
2605,2605,1
2606,2606,2
2607,2607,1
2608,2608,1
2609,2609,2
2610,2610,1
2611,2611,2
2612,2612,1
2613,2613,1
2614,2614,2
2615,2615,0
2616,2616,0
2617,2617,0
2618,2618,1
2619,2619,1
2620,2620,2
2621,2621,2
2622,2622,0
2623,2623,1
2624,2624,0
2625,2625,2
2626,2626,2
2627,2627,0
2628,2628,1
2629,2629,2
2630,2630,0
2631,2631,2
2632,2632,2
2633,2633,1
2634,2634,0
2635,2635,1
2636,2636,0
2637,2637,2
2638,2638,2
2639,2639,2
2640,2640,2
2641,2641,1
2642,2642,0
2643,2643,0
2644,2644,2
2645,2645,1
2646,2646,2
2647,2647,1
2648,2648,2
2649,2649,0
2650,2650,2
2651,2651,2
2652,2652,0
2653,2653,0
2654,2654,1
2655,2655,1
2656,2656,0
2657,2657,2
2658,2658,1
2659,2659,0
2660,2660,0
2661,2661,1
2662,2662,1
2663,2663,1
2664,2664,2
2665,2665,2
2666,2666,1
2667,2667,1
2668,2668,0
2669,2669,2
2670,2670,2
2671,2671,1
2672,2672,0
2673,2673,1
2674,2674,1
2675,2675,0
2676,2676,1
2677,2677,2
2678,2678,0
2679,2679,2
2680,2680,2
2681,2681,1
2682,2682,1
2683,2683,0
2684,2684,2
2685,2685,2
2686,2686,2
2687,2687,2
2688,2688,1
2689,2689,2
2690,2690,0
2691,2691,0
2692,2692,0
2693,2693,2
2694,2694,0
2695,2695,0
2696,2696,1
2697,2697,1
2698,2698,1
2699,2699,0
2700,2700,2
2701,2701,2
2702,2702,1
2703,2703,2
2704,2704,1
2705,2705,2
2706,2706,1
2707,2707,2
2708,2708,1
2709,2709,2
2710,2710,2
2711,2711,2
2712,2712,0
2713,2713,0
2714,2714,2
2715,2715,0
2716,2716,2
2717,2717,2
2718,2718,0
2719,2719,2
2720,2720,1
2721,2721,1
2722,2722,2
2723,2723,1
2724,2724,1
2725,2725,1
2726,2726,0
2727,2727,1
2728,2728,1
2729,2729,2
2730,2730,1
2731,2731,0
2732,2732,0
2733,2733,2
2734,2734,0
2735,2735,1
2736,2736,1
2737,2737,2
2738,2738,0
2739,2739,1
2740,2740,0
2741,2741,0
2742,2742,1
2743,2743,0
2744,2744,2
2745,2745,0
2746,2746,2
2747,2747,1
2748,2748,1
2749,2749,2
2750,2750,2
2751,2751,2
2752,2752,1
2753,2753,1
2754,2754,1
2755,2755,0
2756,2756,2
2757,2757,2
2758,2758,1
2759,2759,0
2760,2760,0
2761,2761,0
2762,2762,0
2763,2763,0
2764,2764,2
2765,2765,1
2766,2766,0
2767,2767,2
2768,2768,1
2769,2769,1
2770,2770,2
2771,2771,1
2772,2772,1
2773,2773,2
2774,2774,0
2775,2775,0
2776,2776,2
2777,2777,2
2778,2778,0
2779,2779,0
2780,2780,0
2781,2781,1
2782,2782,0
2783,2783,1
2784,2784,2
2785,2785,0
2786,2786,1
2787,2787,2
2788,2788,1
2789,2789,1
2790,2790,0
2791,2791,0
2792,2792,2
2793,2793,2
2794,2794,2
2795,2795,2
2796,2796,2
2797,2797,0
2798,2798,0
2799,2799,1
2800,2800,0
2801,2801,1
2802,2802,0
2803,2803,0
2804,2804,2
2805,2805,0
2806,2806,0
2807,2807,1
2808,2808,1
2809,2809,1
2810,2810,1
2811,2811,2
2812,2812,0
2813,2813,2
2814,2814,1
2815,2815,1
2816,2816,0
2817,2817,2
2818,2818,2
2819,2819,1
2820,2820,0
2821,2821,0
2822,2822,1
2823,2823,2
2824,2824,2
2825,2825,2
2826,2826,2
2827,2827,0
2828,2828,2
2829,2829,2
2830,2830,1
2831,2831,0
2832,2832,1
2833,2833,0
2834,2834,0
2835,2835,1
2836,2836,0
2837,2837,1
2838,2838,1
2839,2839,1
2840,2840,2
2841,2841,1
2842,2842,2
2843,2843,2
2844,2844,1
2845,2845,1
2846,2846,2
2847,2847,2
2848,2848,0
2849,2849,0
2850,2850,1
2851,2851,1
2852,2852,2
2853,2853,1
2854,2854,2
2855,2855,2
2856,2856,1
2857,2857,2
2858,2858,1
2859,2859,2
2860,2860,1
2861,2861,1
2862,2862,1
2863,2863,0
2864,2864,0
2865,2865,2
2866,2866,1
2867,2867,1
2868,2868,0
2869,2869,2
2870,2870,0
2871,2871,2
2872,2872,1
2873,2873,1
2874,2874,1
2875,2875,2
2876,2876,1
2877,2877,2
2878,2878,0
2879,2879,2
2880,2880,1
2881,2881,0
2882,2882,0
2883,2883,1
2884,2884,1
2885,2885,2
2886,2886,2
2887,2887,0
2888,2888,1
2889,2889,1
2890,2890,1
2891,2891,2
2892,2892,1
2893,2893,2
2894,2894,1
2895,2895,2
2896,2896,1
2897,2897,0
2898,2898,1
2899,2899,1
2900,2900,0
2901,2901,0
2902,2902,0
2903,2903,0
2904,2904,2
2905,2905,1
2906,2906,2
2907,2907,0
2908,2908,1
2909,2909,1
2910,2910,0
2911,2911,0
2912,2912,2
2913,2913,1
2914,2914,2
2915,2915,2
2916,2916,2
2917,2917,0
2918,2918,1
2919,2919,1
2920,2920,2
2921,2921,0
2922,2922,2
2923,2923,2
2924,2924,1
2925,2925,2
2926,2926,2
2927,2927,2
2928,2928,0
2929,2929,2
2930,2930,1
2931,2931,1
2932,2932,1
2933,2933,0
2934,2934,2
2935,2935,2
2936,2936,0
2937,2937,1
2938,2938,1
2939,2939,0
2940,2940,1
2941,2941,2
2942,2942,0
2943,2943,0
2944,2944,2
2945,2945,1
2946,2946,2
2947,2947,0
2948,2948,0
2949,2949,2
2950,2950,1
2951,2951,1
2952,2952,1
2953,2953,1
2954,2954,1
2955,2955,1
2956,2956,2
2957,2957,2
2958,2958,2
2959,2959,0
2960,2960,2
2961,2961,0
2962,2962,0
2963,2963,1
2964,2964,0
2965,2965,1
2966,2966,2
2967,2967,2
2968,2968,0
2969,2969,1
2970,2970,0
2971,2971,2
2972,2972,0
2973,2973,1
2974,2974,1
2975,2975,1
2976,2976,2
2977,2977,0
2978,2978,2
2979,2979,0
2980,2980,2
2981,2981,2
2982,2982,1
2983,2983,0
2984,2984,2
2985,2985,0
2986,2986,2
2987,2987,2
2988,2988,2
2989,2989,0
2990,2990,1
2991,2991,2
2992,2992,2
2993,2993,0
2994,2994,2
2995,2995,1
2996,2996,1
2997,2997,2
2998,2998,2
2999,2999,2
3000,3000,2
3001,3001,0
3002,3002,0
3003,3003,1
3004,3004,2
3005,3005,1
3006,3006,1
3007,3007,0
3008,3008,0
3009,3009,2
3010,3010,1
3011,3011,1
3012,3012,2
3013,3013,2
3014,3014,2
3015,3015,1
3016,3016,2
3017,3017,0
3018,3018,0
3019,3019,1
3020,3020,0
3021,3021,1
3022,3022,2
3023,3023,2
3024,3024,0
3025,3025,1
3026,3026,2
3027,3027,2
3028,3028,1
3029,3029,2
3030,3030,0
3031,3031,0
3032,3032,2
3033,3033,1
3034,3034,1
3035,3035,1
3036,3036,0
3037,3037,2
3038,3038,1
3039,3039,2
3040,3040,1
3041,3041,1
3042,3042,2
3043,3043,2
3044,3044,0
3045,3045,0
3046,3046,2
3047,3047,0
3048,3048,0
3049,3049,2
3050,3050,0
3051,3051,1
3052,3052,2
3053,3053,1
3054,3054,1
3055,3055,0
3056,3056,1
3057,3057,2
3058,3058,0
3059,3059,1
3060,3060,0
3061,3061,0
3062,3062,1
3063,3063,2
3064,3064,0
3065,3065,2
3066,3066,2
3067,3067,1
3068,3068,0
3069,3069,1
3070,3070,0
3071,3071,1
3072,3072,2
3073,3073,1
3074,3074,1
3075,3075,1
3076,3076,1
3077,3077,2
3078,3078,2
3079,3079,2
3080,3080,2
3081,3081,2
3082,3082,1
3083,3083,1
3084,3084,2
3085,3085,2
3086,3086,1
3087,3087,0
3088,3088,1
3089,3089,1
3090,3090,1
3091,3091,1
3092,3092,2
3093,3093,1
3094,3094,1
3095,3095,2
3096,3096,0
3097,3097,1
3098,3098,0
3099,3099,2
3100,3100,2
3101,3101,0
3102,3102,1
3103,3103,2
3104,3104,0
3105,3105,1
3106,3106,0
3107,3107,0
3108,3108,0
3109,3109,2
3110,3110,0
3111,3111,2
3112,3112,1
3113,3113,0
3114,3114,1
3115,3115,1
3116,3116,2
3117,3117,1
3118,3118,0
3119,3119,0
3120,3120,1
3121,3121,2
3122,3122,0
3123,3123,1
3124,3124,0
3125,3125,1
3126,3126,0
3127,3127,0
3128,3128,1
3129,3129,1
3130,3130,0
3131,3131,2
3132,3132,0
3133,3133,2
3134,3134,1
3135,3135,1
3136,3136,2
3137,3137,2
3138,3138,2
3139,3139,2
3140,3140,2
3141,3141,0
3142,3142,2
3143,3143,0
3144,3144,2
3145,3145,1
3146,3146,1
3147,3147,1
3148,3148,2
3149,3149,2
3150,3150,1
3151,3151,0
3152,3152,1
3153,3153,1
3154,3154,1
3155,3155,1
3156,3156,1
3157,3157,2
3158,3158,2
3159,3159,1
3160,3160,2
3161,3161,1
3162,3162,0
3163,3163,0
3164,3164,2
3165,3165,2
3166,3166,1
3167,3167,1
3168,3168,1
3169,3169,0
3170,3170,2
3171,3171,1
3172,3172,0
3173,3173,1
3174,3174,2
3175,3175,0
3176,3176,1
3177,3177,1
3178,3178,2
3179,3179,2
3180,3180,1
3181,3181,0
3182,3182,2
3183,3183,0
3184,3184,1
3185,3185,0
3186,3186,1
3187,3187,2
3188,3188,2
3189,3189,0
3190,3190,2
3191,3191,1
3192,3192,1
3193,3193,2
3194,3194,0
3195,3195,1
3196,3196,1
3197,3197,0
3198,3198,1
3199,3199,2
3200,3200,1
3201,3201,1
3202,3202,2
3203,3203,1
3204,3204,2
3205,3205,1
3206,3206,1
3207,3207,1
3208,3208,0
3209,3209,2
3210,3210,1
3211,3211,2
3212,3212,2
3213,3213,2
3214,3214,0
3215,3215,1
3216,3216,2
3217,3217,1
3218,3218,2
3219,3219,1
3220,3220,2
3221,3221,1
3222,3222,2
3223,3223,2
3224,3224,2
3225,3225,1
3226,3226,1
3227,3227,2
3228,3228,2
3229,3229,1
3230,3230,1
3231,3231,1
3232,3232,1
3233,3233,1
3234,3234,2
3235,3235,1
3236,3236,2
3237,3237,0
3238,3238,1
3239,3239,0
3240,3240,1
3241,3241,0
3242,3242,2
3243,3243,2
3244,3244,2
3245,3245,2
3246,3246,1
3247,3247,0
3248,3248,1
3249,3249,0
3250,3250,1
3251,3251,2
3252,3252,1
3253,3253,2
3254,3254,2
3255,3255,0
3256,3256,1
3257,3257,2
3258,3258,0
3259,3259,2
3260,3260,1
3261,3261,0
3262,3262,2
3263,3263,0
3264,3264,0
3265,3265,1
3266,3266,0
3267,3267,2
3268,3268,0
3269,3269,2
3270,3270,1
3271,3271,1
3272,3272,0
3273,3273,2
3274,3274,1
3275,3275,0
3276,3276,0
3277,3277,1
3278,3278,2
3279,3279,0
3280,3280,2
3281,3281,1
3282,3282,2
3283,3283,0
3284,3284,1
3285,3285,1
3286,3286,0
3287,3287,0
3288,3288,2
3289,3289,0
3290,3290,0
3291,3291,2
3292,3292,1
3293,3293,1
3294,3294,2
3295,3295,2
3296,3296,1
3297,3297,1
3298,3298,2
3299,3299,0
3300,3300,1
3301,3301,1
3302,3302,0
3303,3303,1
3304,3304,1
3305,3305,0
3306,3306,0
3307,3307,2
3308,3308,1
3309,3309,0
3310,3310,0
3311,3311,1
3312,3312,2
3313,3313,1
3314,3314,1
3315,3315,1
3316,3316,2
3317,3317,2
3318,3318,1
3319,3319,0
3320,3320,0
3321,3321,1
3322,3322,0
3323,3323,0
3324,3324,1
3325,3325,0
3326,3326,0
3327,3327,1
3328,3328,1
3329,3329,2
3330,3330,1
3331,3331,0
3332,3332,0
3333,3333,1
3334,3334,2
3335,3335,0
3336,3336,2
3337,3337,2
3338,3338,0
3339,3339,2
3340,3340,0
3341,3341,1
3342,3342,2
3343,3343,0
3344,3344,1
3345,3345,2
3346,3346,0
3347,3347,2
3348,3348,2
3349,3349,1
3350,3350,2
3351,3351,1
3352,3352,1
3353,3353,0
3354,3354,2
3355,3355,0
3356,3356,0
3357,3357,1
3358,3358,0
3359,3359,1
3360,3360,1
3361,3361,1
3362,3362,2
3363,3363,1
3364,3364,1
3365,3365,0
3366,3366,1
3367,3367,1
3368,3368,2
3369,3369,0
3370,3370,0
3371,3371,1
3372,3372,2
3373,3373,1
3374,3374,1
3375,3375,0
3376,3376,0
3377,3377,1
3378,3378,2
3379,3379,1
3380,3380,1
3381,3381,0
3382,3382,0
3383,3383,2
3384,3384,1
3385,3385,0
3386,3386,1
3387,3387,2
3388,3388,0
3389,3389,0
3390,3390,2
3391,3391,1
3392,3392,2
3393,3393,2
3394,3394,0
3395,3395,2
3396,3396,2
3397,3397,2
3398,3398,2
3399,3399,0
3400,3400,0
3401,3401,0
3402,3402,1
3403,3403,0
3404,3404,0
3405,3405,0
3406,3406,1
3407,3407,0
3408,3408,0
3409,3409,2
3410,3410,1
3411,3411,0
3412,3412,2
3413,3413,0
3414,3414,2
3415,3415,2
3416,3416,0
3417,3417,1
3418,3418,2
3419,3419,2
3420,3420,0
3421,3421,0
3422,3422,1
3423,3423,1
3424,3424,2
3425,3425,1
3426,3426,1
3427,3427,1
3428,3428,2
3429,3429,1
3430,3430,0
3431,3431,1
3432,3432,0
3433,3433,0
3434,3434,1
3435,3435,0
3436,3436,1
3437,3437,0
3438,3438,0
3439,3439,1
3440,3440,0
3441,3441,0
3442,3442,2
3443,3443,2
3444,3444,0
3445,3445,0
3446,3446,1
3447,3447,2
3448,3448,2
3449,3449,0
3450,3450,0
3451,3451,0
3452,3452,2
3453,3453,0
3454,3454,1
3455,3455,1
3456,3456,2
3457,3457,0
3458,3458,0
3459,3459,2
3460,3460,0
3461,3461,1
3462,3462,1
3463,3463,0
3464,3464,0
3465,3465,0
3466,3466,2
3467,3467,2
3468,3468,2
3469,3469,1
3470,3470,2
3471,3471,1
3472,3472,2
3473,3473,2
3474,3474,2
3475,3475,1
3476,3476,2
3477,3477,0
3478,3478,2
3479,3479,2
3480,3480,0
3481,3481,1
3482,3482,0
3483,3483,1
3484,3484,2
3485,3485,2
3486,3486,1
3487,3487,1
3488,3488,1
3489,3489,2
3490,3490,1
3491,3491,2
3492,3492,2
3493,3493,0
3494,3494,1
3495,3495,0
3496,3496,1
3497,3497,0
3498,3498,1
3499,3499,2
3500,3500,0
3501,3501,1
3502,3502,0
3503,3503,1
3504,3504,1
3505,3505,1
3506,3506,0
3507,3507,2
3508,3508,1
3509,3509,1
3510,3510,0
3511,3511,2
3512,3512,2
3513,3513,2
3514,3514,2
3515,3515,0
3516,3516,2
3517,3517,2
3518,3518,0
3519,3519,0
3520,3520,1
3521,3521,0
3522,3522,1
3523,3523,1
3524,3524,1
3525,3525,0
3526,3526,2
3527,3527,1
3528,3528,1
3529,3529,1
3530,3530,0
3531,3531,2
3532,3532,1
3533,3533,2
3534,3534,2
3535,3535,0
3536,3536,0
3537,3537,0
3538,3538,1
3539,3539,0
3540,3540,2
3541,3541,1
3542,3542,2
3543,3543,0
3544,3544,2
3545,3545,0
3546,3546,2
3547,3547,0
3548,3548,1
3549,3549,2
3550,3550,1
3551,3551,1
3552,3552,1
3553,3553,0
3554,3554,1
3555,3555,2
3556,3556,0
3557,3557,0
3558,3558,0
3559,3559,1
3560,3560,2
3561,3561,1
3562,3562,2
3563,3563,2
3564,3564,0
3565,3565,0
3566,3566,2
3567,3567,0
3568,3568,2
3569,3569,2
3570,3570,0
3571,3571,0
3572,3572,2
3573,3573,2
3574,3574,2
3575,3575,0
3576,3576,1
3577,3577,2
3578,3578,2
3579,3579,2
3580,3580,2
3581,3581,1
3582,3582,1
3583,3583,1
3584,3584,2
3585,3585,1
3586,3586,1
3587,3587,2
3588,3588,2
3589,3589,1
3590,3590,2
3591,3591,2
3592,3592,1
3593,3593,2
3594,3594,1
3595,3595,0
3596,3596,0
3597,3597,1
3598,3598,0
3599,3599,2
3600,3600,2
3601,3601,2
3602,3602,1
3603,3603,1
3604,3604,1
3605,3605,2
3606,3606,0
3607,3607,1
3608,3608,1
3609,3609,1
3610,3610,2
3611,3611,1
3612,3612,2
3613,3613,0
3614,3614,1
3615,3615,0
3616,3616,0
3617,3617,0
3618,3618,1
3619,3619,0
3620,3620,2
3621,3621,2
3622,3622,1
3623,3623,2
3624,3624,2
3625,3625,1
3626,3626,0
3627,3627,1
3628,3628,2
3629,3629,1
3630,3630,2
3631,3631,0
3632,3632,0
3633,3633,2
3634,3634,2
3635,3635,1
3636,3636,1
3637,3637,1
3638,3638,0
3639,3639,2
3640,3640,1
3641,3641,0
3642,3642,0
3643,3643,1
3644,3644,2
3645,3645,0
3646,3646,2
3647,3647,0
3648,3648,1
3649,3649,1
3650,3650,2
3651,3651,1
3652,3652,1
3653,3653,1
3654,3654,1
3655,3655,2
3656,3656,2
3657,3657,0
3658,3658,0
3659,3659,1
3660,3660,2
3661,3661,2
3662,3662,0
3663,3663,1
3664,3664,2
3665,3665,0
3666,3666,2
3667,3667,2
3668,3668,0
3669,3669,0
3670,3670,0
3671,3671,1
3672,3672,1
3673,3673,1
3674,3674,2
3675,3675,2
3676,3676,1
3677,3677,0
3678,3678,2
3679,3679,1
3680,3680,0
3681,3681,0
3682,3682,0
3683,3683,2
3684,3684,2
3685,3685,0
3686,3686,2
3687,3687,2
3688,3688,1
3689,3689,1
3690,3690,0
3691,3691,1
3692,3692,2
3693,3693,0
3694,3694,0
3695,3695,0
3696,3696,0
3697,3697,1
3698,3698,0
3699,3699,0
3700,3700,1
3701,3701,2
3702,3702,0
3703,3703,0
3704,3704,0
3705,3705,1
3706,3706,2
3707,3707,2
3708,3708,0
3709,3709,0
3710,3710,1
3711,3711,1
3712,3712,0
3713,3713,1
3714,3714,1
3715,3715,1
3716,3716,2
3717,3717,1
3718,3718,0
3719,3719,1
3720,3720,2
3721,3721,0
3722,3722,2
3723,3723,1
3724,3724,1
3725,3725,0
3726,3726,1
3727,3727,0
3728,3728,0
3729,3729,2
3730,3730,1
3731,3731,2
3732,3732,1
3733,3733,1
3734,3734,1
3735,3735,2
3736,3736,1
3737,3737,2
3738,3738,2
3739,3739,0
3740,3740,1
3741,3741,0
3742,3742,2
3743,3743,1
3744,3744,1
3745,3745,2
3746,3746,2
3747,3747,2
3748,3748,0
3749,3749,0
3750,3750,1
3751,3751,1
3752,3752,0
3753,3753,2
3754,3754,2
3755,3755,2
3756,3756,2
3757,3757,0
3758,3758,1
3759,3759,1
3760,3760,2
3761,3761,2
3762,3762,0
3763,3763,1
3764,3764,0
3765,3765,1
3766,3766,1
3767,3767,0
3768,3768,2
3769,3769,2
3770,3770,2
3771,3771,0
3772,3772,1
3773,3773,1
3774,3774,1
3775,3775,2
3776,3776,0
3777,3777,2
3778,3778,1
3779,3779,0
3780,3780,2
3781,3781,1
3782,3782,0
3783,3783,0
3784,3784,0
3785,3785,0
3786,3786,2
3787,3787,1
3788,3788,1
3789,3789,1
3790,3790,0
3791,3791,2
3792,3792,1
3793,3793,2
3794,3794,0
3795,3795,2
3796,3796,1
3797,3797,1
3798,3798,1
3799,3799,2
3800,3800,0
3801,3801,2
3802,3802,1
3803,3803,1
3804,3804,1
3805,3805,2
3806,3806,2
3807,3807,0
3808,3808,0
3809,3809,0
3810,3810,2
3811,3811,1
3812,3812,2
3813,3813,0
3814,3814,0
3815,3815,1
3816,3816,0
3817,3817,2
3818,3818,0
3819,3819,0
3820,3820,0
3821,3821,0
3822,3822,0
3823,3823,1
3824,3824,1
3825,3825,1
3826,3826,1
3827,3827,0
3828,3828,0
3829,3829,2
3830,3830,0
3831,3831,0
3832,3832,0
3833,3833,2
3834,3834,1
3835,3835,2
3836,3836,0
3837,3837,1
3838,3838,0
3839,3839,1
3840,3840,1
3841,3841,2
3842,3842,1
3843,3843,1
3844,3844,2
3845,3845,1
3846,3846,1
3847,3847,1
3848,3848,0
3849,3849,2
3850,3850,0
3851,3851,0
3852,3852,1
3853,3853,0
3854,3854,2
3855,3855,0
3856,3856,1
3857,3857,1
3858,3858,0
3859,3859,2
3860,3860,0
3861,3861,0
3862,3862,2
3863,3863,2
3864,3864,2
3865,3865,1
3866,3866,1
3867,3867,1
3868,3868,1
3869,3869,2
3870,3870,0
3871,3871,2
3872,3872,2
3873,3873,0
3874,3874,0
3875,3875,0
3876,3876,2
3877,3877,0
3878,3878,1
3879,3879,0
3880,3880,0
3881,3881,0
3882,3882,0
3883,3883,1
3884,3884,0
3885,3885,1
3886,3886,1
3887,3887,2
3888,3888,2
3889,3889,2
3890,3890,0
3891,3891,2
3892,3892,2
3893,3893,2
3894,3894,1
3895,3895,1
3896,3896,1
3897,3897,2
3898,3898,2
3899,3899,1
3900,3900,1
3901,3901,0
3902,3902,1
3903,3903,0
3904,3904,1
3905,3905,2
3906,3906,1
3907,3907,0
3908,3908,1
3909,3909,0
3910,3910,0
3911,3911,1
3912,3912,1
3913,3913,2
3914,3914,0
3915,3915,1
3916,3916,2
3917,3917,1
3918,3918,2
3919,3919,0
3920,3920,2
3921,3921,1
3922,3922,1
3923,3923,0
3924,3924,0
3925,3925,0
3926,3926,2
3927,3927,0
3928,3928,2
3929,3929,2
3930,3930,0
3931,3931,1
3932,3932,0
3933,3933,1
3934,3934,2
3935,3935,2
3936,3936,1
3937,3937,1
3938,3938,0
3939,3939,2
3940,3940,1
3941,3941,0
3942,3942,1
3943,3943,2
3944,3944,2
3945,3945,0
3946,3946,2
3947,3947,2
3948,3948,1
3949,3949,1
3950,3950,0
3951,3951,0
3952,3952,0
3953,3953,0
3954,3954,1
3955,3955,1
3956,3956,1
3957,3957,2
3958,3958,1
3959,3959,1
3960,3960,1
3961,3961,0
3962,3962,0
3963,3963,0
3964,3964,0
3965,3965,0
3966,3966,2
3967,3967,2
3968,3968,2
3969,3969,0
3970,3970,0
3971,3971,2
3972,3972,0
3973,3973,0
3974,3974,1
3975,3975,1
3976,3976,0
3977,3977,2
3978,3978,2
3979,3979,1
3980,3980,2
3981,3981,0
3982,3982,1
3983,3983,2
3984,3984,1
3985,3985,2
3986,3986,2
3987,3987,0
3988,3988,1
3989,3989,1
3990,3990,1
3991,3991,0
3992,3992,1
3993,3993,2
3994,3994,1
3995,3995,1
3996,3996,1
3997,3997,1
3998,3998,1
3999,3999,1
4000,4000,1
4001,4001,0
4002,4002,2
4003,4003,0
4004,4004,2
4005,4005,0
4006,4006,0
4007,4007,1
4008,4008,1
4009,4009,0
4010,4010,1
4011,4011,1
4012,4012,2
4013,4013,0
4014,4014,1
4015,4015,1
4016,4016,2
4017,4017,1
4018,4018,0
4019,4019,0
4020,4020,0
4021,4021,0
4022,4022,0
4023,4023,0
4024,4024,0
4025,4025,1
4026,4026,0
4027,4027,1
4028,4028,1
4029,4029,1
4030,4030,0
4031,4031,0
4032,4032,2
4033,4033,2
4034,4034,1
4035,4035,0
4036,4036,1
4037,4037,2
4038,4038,2
4039,4039,0
4040,4040,0
4041,4041,1
4042,4042,2
4043,4043,0
4044,4044,0
4045,4045,1
4046,4046,2
4047,4047,2
4048,4048,2
4049,4049,2
4050,4050,0
4051,4051,1
4052,4052,0
4053,4053,2
4054,4054,2
4055,4055,2
4056,4056,2
4057,4057,0
4058,4058,1
4059,4059,1
4060,4060,0
4061,4061,2
4062,4062,1
4063,4063,1
4064,4064,0
4065,4065,2
4066,4066,0
4067,4067,2
4068,4068,1
4069,4069,1
4070,4070,1
4071,4071,0
4072,4072,1
4073,4073,1
4074,4074,2
4075,4075,1
4076,4076,0
4077,4077,2
4078,4078,0
4079,4079,2
4080,4080,1
4081,4081,2
4082,4082,1
4083,4083,2
4084,4084,2
4085,4085,2
4086,4086,2
4087,4087,2
4088,4088,2
4089,4089,2
4090,4090,0
4091,4091,1
4092,4092,0
4093,4093,1
4094,4094,2
4095,4095,2
4096,4096,0
4097,4097,1
4098,4098,2
4099,4099,2
4100,4100,1
4101,4101,1
4102,4102,0
4103,4103,0
4104,4104,1
4105,4105,1
4106,4106,1
4107,4107,2
4108,4108,0
4109,4109,2
4110,4110,0
4111,4111,2
4112,4112,0
4113,4113,2
4114,4114,1
4115,4115,2
4116,4116,1
4117,4117,0
4118,4118,0
4119,4119,0
4120,4120,0
4121,4121,0
4122,4122,2
4123,4123,1
4124,4124,2
4125,4125,1
4126,4126,2
4127,4127,0
4128,4128,1
4129,4129,0
4130,4130,0
4131,4131,1
4132,4132,0
4133,4133,0
4134,4134,1
4135,4135,1
4136,4136,1
4137,4137,0
4138,4138,2
4139,4139,0
4140,4140,1
4141,4141,2
4142,4142,2
4143,4143,0
4144,4144,1
4145,4145,2
4146,4146,2
4147,4147,0
4148,4148,2
4149,4149,1
4150,4150,2
4151,4151,0
4152,4152,1
4153,4153,2
4154,4154,1
4155,4155,0
4156,4156,0
4157,4157,2
4158,4158,0
4159,4159,1
4160,4160,1
4161,4161,0
4162,4162,0
4163,4163,0
4164,4164,2
4165,4165,0
4166,4166,2
4167,4167,1
4168,4168,2
4169,4169,1
4170,4170,1
4171,4171,0
4172,4172,0
4173,4173,2
4174,4174,0
4175,4175,0
4176,4176,1
4177,4177,1
4178,4178,1
4179,4179,1
4180,4180,1
4181,4181,1
4182,4182,2
4183,4183,2
4184,4184,0
4185,4185,1
4186,4186,2
4187,4187,0
4188,4188,0
4189,4189,1
4190,4190,1
4191,4191,0
4192,4192,0
4193,4193,2
4194,4194,2
4195,4195,1
4196,4196,1
4197,4197,2
4198,4198,1
4199,4199,0
4200,4200,1
4201,4201,0
4202,4202,1
4203,4203,0
4204,4204,1
4205,4205,0
4206,4206,2
4207,4207,1
4208,4208,2
4209,4209,2
4210,4210,1
4211,4211,2
4212,4212,0
4213,4213,0
4214,4214,2
4215,4215,2
4216,4216,0
4217,4217,1
4218,4218,1
4219,4219,2
4220,4220,0
4221,4221,0
4222,4222,0
4223,4223,2
4224,4224,2
4225,4225,2
4226,4226,2
4227,4227,1
4228,4228,0
4229,4229,2
4230,4230,2
4231,4231,2
4232,4232,1
4233,4233,2
4234,4234,2
4235,4235,1
4236,4236,1
4237,4237,1
4238,4238,0
4239,4239,2
4240,4240,0
4241,4241,0
4242,4242,0
4243,4243,0
4244,4244,1
4245,4245,1
4246,4246,2
4247,4247,0
4248,4248,2
4249,4249,2
4250,4250,1
4251,4251,2
4252,4252,0
4253,4253,2
4254,4254,1
4255,4255,0
4256,4256,1
4257,4257,0
4258,4258,0
4259,4259,0
4260,4260,2
4261,4261,0
4262,4262,0
4263,4263,0
4264,4264,2
4265,4265,2
4266,4266,1
4267,4267,1
4268,4268,2
4269,4269,0
4270,4270,2
4271,4271,1
4272,4272,0
4273,4273,0
4274,4274,1
4275,4275,0
4276,4276,2
4277,4277,0
4278,4278,2
4279,4279,2
4280,4280,0
4281,4281,1
4282,4282,0
4283,4283,1
4284,4284,1
4285,4285,1
4286,4286,1
4287,4287,0
4288,4288,2
4289,4289,0
4290,4290,1
4291,4291,2
4292,4292,1
4293,4293,1
4294,4294,2
4295,4295,2
4296,4296,0
4297,4297,0
4298,4298,0
4299,4299,2
4300,4300,0
4301,4301,0
4302,4302,1
4303,4303,1
4304,4304,0
4305,4305,2
4306,4306,0
4307,4307,0
4308,4308,0
4309,4309,0
4310,4310,2
4311,4311,0
4312,4312,1
4313,4313,0
4314,4314,0
4315,4315,2
4316,4316,2
4317,4317,1
4318,4318,1
4319,4319,1
4320,4320,0
4321,4321,0
4322,4322,2
4323,4323,1
4324,4324,0
4325,4325,0
4326,4326,0
4327,4327,0
4328,4328,2
4329,4329,2
4330,4330,0
4331,4331,1
4332,4332,1
4333,4333,0
4334,4334,0
4335,4335,2
4336,4336,2
4337,4337,2
4338,4338,2
4339,4339,0
4340,4340,1
4341,4341,2
4342,4342,0
4343,4343,1
4344,4344,0
4345,4345,2
4346,4346,1
4347,4347,1
4348,4348,0
4349,4349,1
4350,4350,0
4351,4351,0
4352,4352,1
4353,4353,0
4354,4354,0
4355,4355,2
4356,4356,0
4357,4357,2
4358,4358,2
4359,4359,1
4360,4360,1
4361,4361,0
4362,4362,2
4363,4363,1
4364,4364,0
4365,4365,0
4366,4366,0
4367,4367,0
4368,4368,0
4369,4369,0
4370,4370,1
4371,4371,0
4372,4372,0
4373,4373,0
4374,4374,1
4375,4375,0
4376,4376,2
4377,4377,0
4378,4378,0
4379,4379,0
4380,4380,1
4381,4381,1
4382,4382,0
4383,4383,2
4384,4384,0
4385,4385,0
4386,4386,1
4387,4387,0
4388,4388,2
4389,4389,1
4390,4390,0
4391,4391,0
4392,4392,2
4393,4393,2
4394,4394,0
4395,4395,1
4396,4396,0
4397,4397,0
4398,4398,2
4399,4399,0
4400,4400,0
4401,4401,0
4402,4402,2
4403,4403,2
4404,4404,2
4405,4405,0
4406,4406,0
4407,4407,0
4408,4408,1
4409,4409,1
4410,4410,2
4411,4411,0
4412,4412,1
4413,4413,2
4414,4414,1
4415,4415,2
4416,4416,1
4417,4417,0
4418,4418,1
4419,4419,2
4420,4420,2
4421,4421,2
4422,4422,1
4423,4423,2
4424,4424,2
4425,4425,2
4426,4426,1
4427,4427,1
4428,4428,2
4429,4429,1
4430,4430,2
4431,4431,0
4432,4432,1
4433,4433,1
4434,4434,0
4435,4435,2
4436,4436,1
4437,4437,2
4438,4438,2
4439,4439,0
4440,4440,0
4441,4441,0
4442,4442,0
4443,4443,0
4444,4444,2
4445,4445,0
4446,4446,1
4447,4447,0
4448,4448,1
4449,4449,1
4450,4450,1
4451,4451,0
4452,4452,2
4453,4453,2
4454,4454,0
4455,4455,2
4456,4456,1
4457,4457,0
4458,4458,2
4459,4459,1
4460,4460,0
4461,4461,0
4462,4462,2
4463,4463,0
4464,4464,2
4465,4465,1
4466,4466,2
4467,4467,1
4468,4468,1
4469,4469,0
4470,4470,0
4471,4471,1
4472,4472,0
4473,4473,2
4474,4474,2
4475,4475,1
4476,4476,0
4477,4477,0
4478,4478,1
4479,4479,0
4480,4480,0
4481,4481,0
4482,4482,1
4483,4483,2
4484,4484,2
4485,4485,2
4486,4486,0
4487,4487,1
4488,4488,0
4489,4489,0
4490,4490,0
4491,4491,0
4492,4492,1
4493,4493,0
4494,4494,0
4495,4495,0
4496,4496,0
4497,4497,2
4498,4498,0
4499,4499,2
4500,4500,0
4501,4501,0
4502,4502,1
4503,4503,0
4504,4504,1
4505,4505,1
4506,4506,1
4507,4507,0
4508,4508,2
4509,4509,1
4510,4510,1
4511,4511,0
4512,4512,1
4513,4513,0
4514,4514,1
4515,4515,0
4516,4516,2
4517,4517,1
4518,4518,2
4519,4519,2
4520,4520,0
4521,4521,2
4522,4522,2
4523,4523,0
4524,4524,1
4525,4525,1
4526,4526,1
4527,4527,1
4528,4528,0
4529,4529,0
4530,4530,0
4531,4531,2
4532,4532,1
4533,4533,1
4534,4534,2
4535,4535,1
4536,4536,2
4537,4537,2
4538,4538,0
4539,4539,1
4540,4540,2
4541,4541,0
4542,4542,0
4543,4543,0
4544,4544,1
4545,4545,1
4546,4546,1
4547,4547,2
4548,4548,0
4549,4549,2
4550,4550,0
4551,4551,2
4552,4552,2
4553,4553,0
4554,4554,2
4555,4555,1
4556,4556,1
4557,4557,0
4558,4558,0
4559,4559,1
4560,4560,2
4561,4561,2
4562,4562,2
4563,4563,1
4564,4564,0
4565,4565,1
4566,4566,0
4567,4567,0
4568,4568,0
4569,4569,1
4570,4570,0
4571,4571,2
4572,4572,1
4573,4573,1
4574,4574,0
4575,4575,1
4576,4576,1
4577,4577,1
4578,4578,0
4579,4579,2
4580,4580,2
4581,4581,0
4582,4582,0
4583,4583,2
4584,4584,2
4585,4585,0
4586,4586,0
4587,4587,1
4588,4588,1
4589,4589,2
4590,4590,2
4591,4591,1
4592,4592,2
4593,4593,2
4594,4594,1
4595,4595,2
4596,4596,2
4597,4597,0
4598,4598,0
4599,4599,2
4600,4600,2
4601,4601,1
4602,4602,0
4603,4603,0
4604,4604,1
4605,4605,1
4606,4606,1
4607,4607,0
4608,4608,0
4609,4609,0
4610,4610,1
4611,4611,2
4612,4612,0
4613,4613,2
4614,4614,0
4615,4615,2
4616,4616,2
4617,4617,2
4618,4618,1
4619,4619,2
4620,4620,2
4621,4621,1
4622,4622,2
4623,4623,2
4624,4624,2
4625,4625,2
4626,4626,1
4627,4627,1
4628,4628,1
4629,4629,0
4630,4630,2
4631,4631,1
4632,4632,2
4633,4633,2
4634,4634,0
4635,4635,0
4636,4636,1
4637,4637,2
4638,4638,2
4639,4639,0
4640,4640,0
4641,4641,0
4642,4642,1
4643,4643,1
4644,4644,1
4645,4645,2
4646,4646,0
4647,4647,2
4648,4648,2
4649,4649,1
4650,4650,0
4651,4651,1
4652,4652,2
4653,4653,1
4654,4654,2
4655,4655,1
4656,4656,2
4657,4657,1
4658,4658,2
4659,4659,0
4660,4660,2
4661,4661,0
4662,4662,0
4663,4663,0
4664,4664,2
4665,4665,1
4666,4666,0
4667,4667,2
4668,4668,0
4669,4669,1
4670,4670,0
4671,4671,0
4672,4672,2
4673,4673,1
4674,4674,1
4675,4675,2
4676,4676,0
4677,4677,0
4678,4678,1
4679,4679,1
4680,4680,1
4681,4681,1
4682,4682,0
4683,4683,1
4684,4684,0
4685,4685,2
4686,4686,2
4687,4687,1
4688,4688,2
4689,4689,1
4690,4690,0
4691,4691,2
4692,4692,0
4693,4693,0
4694,4694,2
4695,4695,1
4696,4696,0
4697,4697,0
4698,4698,0
4699,4699,1
4700,4700,0
4701,4701,0
4702,4702,0
4703,4703,1
4704,4704,2
4705,4705,2
4706,4706,2
4707,4707,1
4708,4708,2
4709,4709,1
4710,4710,2
4711,4711,0
4712,4712,1
4713,4713,0
4714,4714,2
4715,4715,0
4716,4716,0
4717,4717,2
4718,4718,1
4719,4719,2
4720,4720,1
4721,4721,0
4722,4722,0
4723,4723,2
4724,4724,2
4725,4725,2
4726,4726,2
4727,4727,2
4728,4728,1
4729,4729,2
4730,4730,1
4731,4731,1
4732,4732,0
4733,4733,2
4734,4734,0
4735,4735,2
4736,4736,1
4737,4737,0
4738,4738,0
4739,4739,0
4740,4740,2
4741,4741,0
4742,4742,1
4743,4743,0
4744,4744,2
4745,4745,2
4746,4746,1
4747,4747,0
4748,4748,1
4749,4749,2
4750,4750,1
4751,4751,0
4752,4752,2
4753,4753,0
4754,4754,1
4755,4755,2
4756,4756,2
4757,4757,1
4758,4758,1
4759,4759,0
4760,4760,0
4761,4761,2
4762,4762,1
4763,4763,1
4764,4764,2
4765,4765,2
4766,4766,1
4767,4767,1
4768,4768,2
4769,4769,2
4770,4770,0
4771,4771,2
4772,4772,0
4773,4773,2
4774,4774,1
4775,4775,0
4776,4776,1
4777,4777,0
4778,4778,0
4779,4779,0
4780,4780,2
4781,4781,0
4782,4782,0
4783,4783,0
4784,4784,0
4785,4785,2
4786,4786,2
4787,4787,0
4788,4788,1
4789,4789,0
4790,4790,0
4791,4791,0
4792,4792,2
4793,4793,0
4794,4794,1
4795,4795,0
4796,4796,0
4797,4797,1
4798,4798,2
4799,4799,2
4800,4800,1
4801,4801,1
4802,4802,1
4803,4803,0
4804,4804,1
4805,4805,1
4806,4806,1
4807,4807,0
4808,4808,0
4809,4809,0
4810,4810,1
4811,4811,0
4812,4812,2
4813,4813,0
4814,4814,1
4815,4815,2
4816,4816,1
4817,4817,1
4818,4818,1
4819,4819,1
4820,4820,0
4821,4821,1
4822,4822,1
4823,4823,1
4824,4824,0
4825,4825,2
4826,4826,2
4827,4827,1
4828,4828,1
4829,4829,1
4830,4830,1
4831,4831,0
4832,4832,0
4833,4833,2
4834,4834,2
4835,4835,2
4836,4836,1
4837,4837,2
4838,4838,0
4839,4839,0
4840,4840,1
4841,4841,0
4842,4842,1
4843,4843,0
4844,4844,0
4845,4845,2
4846,4846,2
4847,4847,2
4848,4848,1
4849,4849,1
4850,4850,2
4851,4851,2
4852,4852,2
4853,4853,2
4854,4854,1
4855,4855,2
4856,4856,2
4857,4857,1
4858,4858,2
4859,4859,2
4860,4860,1
4861,4861,1
4862,4862,2
4863,4863,1
4864,4864,1
4865,4865,1
4866,4866,1
4867,4867,2
4868,4868,2
4869,4869,1
4870,4870,1
4871,4871,1
4872,4872,1
4873,4873,0
4874,4874,2
4875,4875,2
4876,4876,1
4877,4877,2
4878,4878,2
4879,4879,2
4880,4880,0
4881,4881,2
4882,4882,1
4883,4883,2
4884,4884,0
4885,4885,1
4886,4886,0
4887,4887,2
4888,4888,2
4889,4889,2
4890,4890,2
4891,4891,0
4892,4892,0
4893,4893,0
4894,4894,1
4895,4895,1
4896,4896,1
4897,4897,2
4898,4898,0
4899,4899,1
4900,4900,0
4901,4901,2
4902,4902,1
4903,4903,1
4904,4904,2
4905,4905,1
4906,4906,0
4907,4907,2
4908,4908,1
4909,4909,0
4910,4910,0
4911,4911,0
4912,4912,1
4913,4913,1
4914,4914,2
4915,4915,0
4916,4916,0
4917,4917,0
4918,4918,1
4919,4919,2
4920,4920,2
4921,4921,0
4922,4922,0
4923,4923,0
4924,4924,2
4925,4925,2
4926,4926,0
4927,4927,2
4928,4928,0
4929,4929,1
4930,4930,2
4931,4931,1
4932,4932,1
4933,4933,0
4934,4934,0
4935,4935,0
4936,4936,1
4937,4937,0
4938,4938,0
4939,4939,2
4940,4940,0
4941,4941,1
4942,4942,1
4943,4943,0
4944,4944,1
4945,4945,0
4946,4946,0
4947,4947,1
4948,4948,2
4949,4949,0
4950,4950,1
4951,4951,2
4952,4952,1
4953,4953,0
4954,4954,1
4955,4955,0
4956,4956,0
4957,4957,2
4958,4958,1
4959,4959,2
4960,4960,1
4961,4961,1
4962,4962,0
4963,4963,0
4964,4964,2
4965,4965,1
4966,4966,2
4967,4967,1
4968,4968,2
4969,4969,1
4970,4970,2
4971,4971,0
4972,4972,1
4973,4973,0
4974,4974,1
4975,4975,2
4976,4976,0
4977,4977,1
4978,4978,0
4979,4979,1
4980,4980,0
4981,4981,0
4982,4982,0
4983,4983,2
4984,4984,0
4985,4985,1
4986,4986,1
4987,4987,1
4988,4988,0
4989,4989,2
4990,4990,0
4991,4991,2
4992,4992,1
4993,4993,2
4994,4994,0
4995,4995,2
4996,4996,2
4997,4997,2
4998,4998,2
4999,4999,0
